<!DOCTYPE hibernate-configuration PUBLIC
        "-//Hibernate/Hibernate Configuration DTD 3.0//EN"
        "http://hibernate.sourceforge.net/hibernate-configuration-3.0.dtd">
<hibernate-configuration>
  <session-factory>

    <!-- DB Connection -->
    <property name="hibernate.connection.driver_class">com.mysql.cj.jdbc.Driver</property>
    <property name="hibernate.connection.url">jdbc:mysql://localhost:3306/retail_inventory?useSSL=false&amp;serverTimezone=UTC</property>
    <property name="hibernate.connection.username">root</property>
    <property name="hibernate.connection.password">YOUR_PASSWORD</property>

    <!-- Hibernate -->
    <property name="hibernate.dialect">org.hibernate.dialect.MySQLDialect</property>
    <property name="hibernate.hbm2ddl.auto">update</property>

    <!-- Console SQL -->
    <property name="hibernate.show_sql">true</property>
    <property name="hibernate.format_sql">true</property>

    <!-- Entity mappings -->
    <mapping class="com.curdop.entity.Product"/>
    <mapping class="com.curdop.entity.ProductAuto"/>
    <mapping class="com.curdop.entity.ProductIdentity"/>
    <mapping class="com.curdop.entity.ProductSequence"/>

  </session-factory>
</hibernate-configuration>
